{
  "project_info": {
    "project_number": "443218629768",
    "firebase_url": "https://good-applications.firebaseio.com",
    "project_id": "good-applications",
    "storage_bucket": "good-applications.appspot.com"
  },
  "client": [
    {
      "client_info": {
        "mobilesdk_app_id": "1:443218629768:android:d1925368d5c9c393",
        "android_client_info": {
          "package_name": "com.android.goodapplications.goodapplications"
        }
      },
      "oauth_client": [
        {
          "client_id": "443218629768-aa3hm7ssi68edsamgvjmneb7nfjrcuni.apps.googleusercontent.com",
          "client_type": 1,
          "android_info": {
            "package_name": "com.android.goodapplications.goodapplications",
            "certificate_hash": "a9c23ada45391236ff1c7cf8a0e728316c4cfc13"
          }
        },
        {
          "client_id": "443218629768-ovpkqqv9ooro9a8mngefs6e8cm50igmd.apps.googleusercontent.com",
          "client_type": 1,
          "android_info": {
            "package_name": "com.android.goodapplications.goodapplications",
            "certificate_hash": "e8be42109f37d969c112ef689d7ba847989cc968"
          }
        },
        {
          "client_id": "443218629768-ghfurjega131h6fjrr9q2cbvr2qnc8dl.apps.googleusercontent.com",
          "client_type": 3
        }
      ],
      "api_key": [
        {
          "current_key": "AIzaSyCfCEZjl-eXsGfTvFrqil4HdzAUzTDKeRQ"
        }
      ],
      "services": {
        "appinvite_service": {
          "other_platform_oauth_client": [
            {
              "client_id": "443218629768-ghfurjega131h6fjrr9q2cbvr2qnc8dl.apps.googleusercontent.com",
              "client_type": 3
            },
            {
              "client_id": "443218629768-91k8surkh99602dkfgb8kgoafivbb11n.apps.googleusercontent.com",
              "client_type": 2,
              "ios_info": {
                "bundle_id": "com.shannoga.goodApplications.word"
              }
            }
          ]
        }
      }
    },
    {
      "client_info": {
        "mobilesdk_app_id": "1:443218629768:android:7230b41a96a7471ae8bb3d",
        "android_client_info": {
          "package_name": "com.goodapplications.flutter.shira"
        }
      },
      "oauth_client": [
        {
          "client_id": "443218629768-ghfurjega131h6fjrr9q2cbvr2qnc8dl.apps.googleusercontent.com",
          "client_type": 3
        }
      ],
      "api_key": [
        {
          "current_key": "AIzaSyCfCEZjl-eXsGfTvFrqil4HdzAUzTDKeRQ"
        }
      ],
      "services": {
        "appinvite_service": {
          "other_platform_oauth_client": [
            {
              "client_id": "443218629768-ghfurjega131h6fjrr9q2cbvr2qnc8dl.apps.googleusercontent.com",
              "client_type": 3
            },
            {
              "client_id": "443218629768-91k8surkh99602dkfgb8kgoafivbb11n.apps.googleusercontent.com",
              "client_type": 2,
              "ios_info": {
                "bundle_id": "com.shannoga.goodApplications.word"
              }
            }
          ]
        }
      }
    },
    {
      "client_info": {
        "mobilesdk_app_id": "1:443218629768:android:4dffcaa36637bb5f",
        "android_client_info": {
          "package_name": "goodapplications.android.shira"
        }
      },
      "oauth_client": [
        {
          "client_id": "443218629768-nhbrfmkcmmk2l45vcc13g09jsno46j78.apps.googleusercontent.com",
          "client_type": 1,
          "android_info": {
            "package_name": "goodapplications.android.shira",
            "certificate_hash": "a9c23ada45391236ff1c7cf8a0e728316c4cfc13"
          }
        },
        {
          "client_id": "443218629768-ghfurjega131h6fjrr9q2cbvr2qnc8dl.apps.googleusercontent.com",
          "client_type": 3
        }
      ],
      "api_key": [
        {
          "current_key": "AIzaSyCfCEZjl-eXsGfTvFrqil4HdzAUzTDKeRQ"
        }
      ],
      "services": {
        "appinvite_service": {
          "other_platform_oauth_client": [
            {
              "client_id": "443218629768-ghfurjega131h6fjrr9q2cbvr2qnc8dl.apps.googleusercontent.com",
              "client_type": 3
            },
            {
              "client_id": "443218629768-91k8surkh99602dkfgb8kgoafivbb11n.apps.googleusercontent.com",
              "client_type": 2,
              "ios_info": {
                "bundle_id": "com.shannoga.goodApplications.word"
              }
            }
          ]
        }
      }
    }
  ],
  "configuration_version": "1"
}